Name,Collection,Date,Year,Last Worked On,Description,Time Worked,Tempo,FL Version,Plugins,Plugin Count,Versions,Samples,Size MB
Disillusion,以前的音乐,2019-08-18,2019,2019-10-31,,35h 04m,128.0,20.5.0.1142,,0,1,5,101.2
Deep in the heart remake,以前的音乐,2019-09-20,2019,2019-09-20,,6h 00m,128.0,20.5.1.1193,"Dynamic Guitars, Keyzone Classic",2,1,10,65.1
Light from Heart_6,以前的音乐,2019-10-24,2019,2020-06-08,,47h 15m,122.0,20.5.0.1142,"CamelCrusher, Dynamic Guitars, Keyzone Classic, Kickstart, OTT, reFX Nexus, SAUSAGE FATTENER, Sylenth1, TruePianos",9,1,27,86.1
456 Progressive,以前的音乐,2019-11-05,2019,2020-02-09,,11h 02m,110.0,20.5.0.1142,Kickstart,1,1,0,9.9
Progressive ID_2,以前的音乐,2019-11-22,2019,2019-11-24,,16h 08m,128.0,20.5.0.1142,"Kickstart, OTT, reFX Nexus, Sylenth1",4,2,45,71.3
Progressive ID_3,以前的音乐,2019-11-22,2019,2025-04-14,,19h 11m,128.0,21.2.1.3859,"Kickstart, OTT, reFX Nexus, Sylenth1, TAL-Filter-2",5,1,72,124.1
ID_4,以前的音乐,2019-12-15,2019,2019-12-20,,7h 57m,98.0,20.5.0.1142,"DSK Strings, Dynamic Guitars, reFX Nexus",3,1,6,18.5
Jan 2020 2,以前的音乐,2020-01-10,2020,2021-04-24,,2h 18m,118.0,20.5.0.1142,"Kickstart, reFX Nexus, Serum, Sylenth1, TruePianos",5,1,12,15.9
Jan20201,以前的音乐,2020-01-10,2020,2025-04-14,,6h 03m,128.0,21.2.1.3859,"Keyzone Classic, Kickstart, reFX Nexus, Sylenth1, TruePianos",5,1,0,9.9
MD,以前的音乐,2020-01-10,2020,2020-10-01,,5h 42m,160.0,20.5.0.1142,"reFX Nexus, SAUSAGE FATTENER, Sylenth1, TruePianos",4,1,0,9.9
Remix_5,以前的音乐,2020-01-26,2020,2020-06-06,,19h 09m,126.0,20.5.0.1142,"Kickstart, OTT, reFX Nexus, SAUSAGE FATTENER, Sylenth1",5,5,14,100.5
Song MIDIs,以前的音乐,2020-02-21,2020,2021-04-07,,14h 25m,128.0,20.5.0.1142,"reFX Nexus, Sylenth1",2,1,0,9.9
做了个开心的梦_11,以前的音乐,2020-04-09,2020,2020-09-03,,29h 12m,100.0,20.5.0.1142,"CamelCrusher, FabFilter Pro-Q 3, Kickstart, OTT, reFX Nexus, SAUSAGE FATTENER, Sylenth1",7,11,62,309.8
Bigroom FG_3,以前的音乐,2020-05-09,2020,2020-07-06,,9h 51m,124.0,20.5.0.1142,"CamelCrusher, Kickstart, OTT, reFX Nexus, SAUSAGE FATTENER, Sylenth1",6,4,15,44.1
CHORD,以前的音乐,2020-05-23,2020,2022-10-13,,12h 07m,176.0,20.9.2.2963,"reFX Nexus, SAUSAGE FATTENER, TruePianos",3,3,8,10.3
answers remake,,2020-06-09,2020,2023-03-01,,7h 02m,128.0,21.0.0.3329,"CamelCrusher, Decapitator, DVS Guitar, FabFilter Pro-C 2, FabFilter Pro-MB, FabFilter Pro-Q 3, Kickstart, LFOTool, OTT, Ozone 8, Raum, reFX Nexus, SAUSAGE FATTENER, Sylenth1, TAL-Filter-2",15,1,19,61.0
N_11,以前的音乐,2020-06-11,2020,2020-09-03,,31h 41m,126.0,20.5.0.1142,"CamelCrusher, FabFilter Volcano 2, Kickstart, OTT, reFX Nexus, SAUSAGE FATTENER, Sylenth1",7,11,68,243.0
大_8,以前的音乐,2020-09-16,2020,2021-06-18,,10h 03m,128.0,20.5.0.1142,"CamelCrusher, Kickstart, OTT, Sylenth1",4,8,14,128.9
ui,以前的音乐,2020-12-03,2020,2020-12-04,,1h 28m,105.0,20.5.0.1142,Kickstart,1,1,265,142.0
Misumi,以前的音乐,2021-03-10,2021,2025-04-15,,13h 27m,180.0,24.2.2.4597,"CamelCrusher, Kickstart, OTT, reFX Nexus, Sylenth1",5,1,0,9.9
midtem,以前的音乐,2021-05-01,2021,2025-04-14,,1h 37m,108.0,21.2.1.3859,"Kickstart, OTT, Sylenth1, TAL-Filter-2",4,1,0,9.9
JR_2,以前的音乐,2021-05-04,2021,2021-06-15,,6h 28m,185.0,20.5.0.1142,"CamelCrusher, KSHMREssentialsKick, reFX Nexus",3,2,205,7.1
154BPM,,2021-05-08,2021,2023-03-04,,13h 33m,154.0,21.0.0.3329,"Ample Guitar LP, CamelCrusher, dblue.TapeStop, Decapitator, FabFilter Pro-C 2, FabFilter Pro-L 2, FabFilter Pro-Q 3, FabFilter Saturn, Kickstart, Kickstart 2, OTT, SAUSAGE FATTENER, Serum, Spire_x64_v1.5.11, Sylenth1, TAL-Filter-2, The Glue, ValhallaRoom, Youlean Loudness Meter 2",19,1,38,84.7
154BPM new,,2021-05-08,2021,2023-04-08,,13h 52m,154.0,21.0.0.3329,"Ample Guitar LP, CamelCrusher, dblue.TapeStop, Decapitator, FabFilter Pro-C 2, FabFilter Pro-L 2, FabFilter Pro-Q 3, FabFilter Saturn, Kickstart, Kickstart 2, OTT, SAUSAGE FATTENER, Serum, Spire_x64_v1.5.11, Sylenth1, TAL-Filter-2, The Glue, ValhallaRoom, Youlean Loudness Meter 2",19,1,38,84.7
Future Bounce FLP,以前的音乐,2021-06-01,2021,2021-06-03,,3h 52m,128.0,20.5.0.1142,"Kickstart, OTT, Serum, TruePianos",4,1,0,9.9
MID_4,以前的音乐,2021-06-03,2021,2021-06-10,,2h 57m,92.0,20.5.0.1142,"LABS, LABS (64 Bit), Serum",3,4,30,179.4
Initiating_4,以前的音乐,2021-06-04,2021,2021-06-10,,9h 37m,140.0,20.5.0.1142,"CamelCrusher, dblue.TapeStop, Glitch2, Kickstart, LABS (64 Bit), Ozone Imager 2, Serum, SPAN",8,4,11,17.7
Aphordite_7,以前的音乐,2021-06-06,2021,2021-07-07,,13h 22m,100.0,20.8.3.2304,"dblue.TapeStop, KSHMREssentialsKick, SAUSAGE FATTENER, Serum, SPAN, TAL-Filter-2",6,7,30,179.4
Guileless_3,以前的音乐,2021-06-11,2021,2021-06-29,,5h 00m,128.0,20.5.0.1142,"Kickstart, KSHMREssentialsKick, reFX Nexus, SPAN",4,3,18,85.5
StarGazer,以前的音乐,2021-06-28,2021,2021-07-13,,2h 31m,170.0,20.6.2.1549,"CamelCrusher, Kickstart, KSHMREssentialsKick, LABS (64 Bit), OTT, Serum, TruePianos",7,1,1,1.2
Zephyr,以前的音乐,2021-07-01,2021,2021-07-06,,3h 57m,128.0,20.8.3.2304,"Kickstart, KSHMREssentialsKick, LABS, OTT, Serum, Sylenth1, TAL-Filter-2, TruePianos",8,1,10,11.0
fbo,,2021-10-04,2021,2021-11-12,,1h 30m,128.0,20.8.3.2304,"CamelCrusher, FabFilter Pro-C 2, FabFilter Pro-L 2, FabFilter Pro-Q 3, Kickstart, OTT, Ozone 8, SAUSAGE FATTENER, Serum, Sylenth1, ValhallaRoom",11,1,7,10.2
09262022,,2022-09-26,2022,2023-01-08,,13h 21m,126.0,21.0.0.3329,"FabFilter Pro-C 2, FabFilter Pro-L 2, FabFilter Pro-MB, FabFilter Pro-Q 3, FabFilter Pro-R, FabFilter Saturn, LABS (64 Bit), OTT, Ozone 8, Serum, Sylenth1, TAL-Filter-2, TruePianos",13,1,18,102.4
200,,2022-09-29,2022,2023-03-10,,1h 34m,200.0,21.0.0.3329,"FabFilter Pro-Q 3, LABS (64 Bit), Serum, Sylenth1",4,1,0,0.2
dd 10102022,,2022-10-10,2022,2022-10-10,,0h 55m,128.0,20.9.2.2963,"FabFilter Pro-Q 3, FabFilter Saturn, Ozone 8, Serum, Sylenth1, TAL-Filter-2",6,1,8488,125624.0
dd 10102022_2,,2022-10-10,2022,2024-09-03,,1h 56m,128.0,21.2.3.4004,"FabFilter Pro-Q 3, FabFilter Saturn, Ozone 8, Serum, Sylenth1, TAL-Filter-2",6,2,2,4.2
phonk hardcore,,2022-10-20,2022,2022-10-24,,1h 02m,128.0,20.9.2.2963,"FabFilter Pro-Q 3, OTT, Ozone 8, Serum, TAL-Filter-2",5,1,4,2.8
halloween,,2022-10-27,2022,2023-01-25,,1h 25m,178.0,20.9.2.2963,"FabFilter Pro-Q 3, OTT, Serum",3,1,2294,69434.0
spooky beat,,2022-10-27,2022,2023-01-25,,2h 43m,178.0,21.0.0.3329,"CamelCrusher, FabFilter Pro-L 2, FabFilter Pro-Q 3, Krush, OTT, Ozone 8, SAUSAGE FATTENER, Serum, Youlean Loudness Meter 2",9,1,2294,69434.0
Building Template,,2022-11-01,2022,2023-02-07,,3h 56m,128.0,20.9.2.2963,"FabFilter Pro-C 2, FabFilter Pro-L 2, FabFilter Pro-Q 3, SAUSAGE FATTENER, Serum, TAL-Filter-2, TruePianos",7,1,0,0.2
FIE 1_7,,2022-11-05,2022,2023-08-22,,43h 01m,170.0,21.0.0.3329,"CamelCrusher, Crystallizer, dblue.TapeStop, Decapitator, FabFilter Pro-C 2, FabFilter Pro-L 2, FabFilter Pro-Q 3, FabFilter Saturn, FilterFreak2, kHs Gain, kHs Pitch Shifter, LABS (64 Bit), MAutopan, MBitFun, OTT, Ozone 8 Imager, Ozone Imager 2, Serum, Sylenth1, TAL-Filter-2, The Glue, TruePianos",22,7,125,1236.5
FIE REWORK,,2022-11-05,2022,2024-09-03,,44h 21m,170.0,21.2.3.4004,"CamelCrusher, Crystallizer, dblue.TapeStop, Decapitator, FabFilter Pro-C 2, FabFilter Pro-L 2, FabFilter Pro-Q 3, FilterFreak2, kHs Bitcrush, kHs Gain, kHs Pitch Shifter, LABS (64 Bit), MAutopan, OTT, Ozone 8 Imager, Ozone Imager 2, PanCake2, Serum, Sylenth1, TAL-Filter-2, The Glue, TruePianos",22,1,125,1236.5
reference,,2022-11-05,2022,2022-11-06,,4h 30m,170.0,20.9.2.2963,"FabFilter Pro-C 2, FabFilter Pro-L 2, FabFilter Pro-Q 3, kHs Pitch Shifter, MAutopan, OTT, Serum, TAL-Filter-2, TruePianos",9,1,125,1236.5
NEO SOUL,,2022-11-10,2022,2022-11-11,,0h 51m,108.0,20.9.2.2963,"FabFilter Pro-L 2, FabFilter Pro-Q 3, OTT, Serum, TAL-Filter-2",5,1,2294,69434.0
kawaiimaybe,,2022-11-17,2022,2022-12-16,,3h 39m,170.0,21.0.0.3329,"CamelCrusher, dblue.TapeStop, FabFilter Pro-L 2, FabFilter Pro-Q 3, OTT, Serum, TAL-Filter-2, TruePianos",8,1,217,448.5
Kwaa_3,,2022-11-17,2022,2024-10-03,,28h 14m,170.0,21.0.0.3329,"CamelCrusher, Crystallizer, dblue.TapeStop, Decapitator, EchoBoy, FabFilter Pro-C 2, FabFilter Pro-L 2, FabFilter Pro-Q 3, FabFilter Saturn, FilterFreak2, kHs Gain, OTT, Ozone 8 Imager, Ozone Imager 2, Serum, TAL-Filter-2, The Glue, TruePianos, Vocal Doubler",19,3,217,448.5
thanksgiving sample flip,,2022-11-21,2022,2022-11-21,,0h 13m,200.0,20.9.2.2963,"CamelCrusher, FabFilter Pro-Q 3, Serum, TAL-Filter-2",4,1,2294,69434.0
Alone_3,,2022-11-27,2022,2023-09-24,,11h 42m,194.0,21.0.0.3329,"CamelCrusher, FabFilter Pro-L 2, FabFilter Pro-Q 3, Guitar Rig 6, SAUSAGE FATTENER, Serum, sforzando, TAL-Filter-2, TruePianos",9,3,30,134.5
Progressive e,,2022-12-13,2022,2023-04-01,,3h 16m,124.0,21.0.0.3329,"CamelCrusher, FabFilter Saturn, Guitar Rig 6, LABS (64 Bit), OTT, Serum, sforzando, Sylenth1, TAL-Filter-2",9,1,39,74.4
eiei,Aykm,2022-12-14,2022,2022-12-14,,0h 36m,148.0,21.0.0.3329,"Decapitator, Serum, TAL-Filter-2",3,1,14,4.0
Project_1,Drop Kahoot,2022-12-31,2022,2023-01-02,,1h 14m,175.0,21.0.0.3329,"kHs Gain, Youlean Loudness Meter 2",2,1,24,158.8
col 2_3,,2023-01-12,2023,2023-11-17,,35h 09m,169.0,21.2.1.3859,"CamelCrusher, Crystallizer, dblue.TapeStop, Decapitator, FilterFreak2, kHs Frequency Shifter, kHs Gain, LABS, OTT, SAUSAGE FATTENER, Serum, Sylenth1, TAL-Filter-2, The Glue",14,8,161,554.6
Revive,,2023-01-12,2023,2023-01-14,,6h 37m,169.0,21.0.0.3329,"CamelCrusher, FabFilter Pro-L 2, FabFilter Pro-Q 3, FabFilter Saturn, OTT, Serum, Sylenth1, TAL-Filter-2, The Glue, TruePianos",10,2,161,554.6
weareback1,,2023-01-12,2023,2024-02-19,,24h 02m,169.0,21.2.1.3859,"CamelCrusher, Crystallizer, dblue.TapeStop, Decapitator, Disperser, FilterFreak2, kHs Delay, kHs Distortion, kHs Filter, kHs Frequency Shifter, kHs Gain, kHs Ladder Filter, kHs Limiter, kHs Pitch Shifter, LABS, OTT, Phase Plant, SAUSAGE FATTENER, Serum, Sylenth1, TAL-Filter-2, The Glue",22,1,161,554.6
Animesthing,,2023-01-16,2023,2025-03-18,,2h 35m,126.0,24.2.2.4597,"BBC Symphony Orchestra (64 Bit), DecentSampler, OTT, The Glue",4,1,158,59.7
ayo30 remix,,2023-01-25,2023,2023-01-28,,0h 48m,128.0,21.0.0.3329,"CamelCrusher, FabFilter Pro-Q 3, Serum, Sylenth1, TAL-Filter-2, TruePianos",6,1,2294,69434.0
200Step 1hour sampleflip,,2023-01-26,2023,2023-01-29,,2h 57m,200.0,21.0.0.3329,"CamelCrusher, FabFilter Pro-L 2, FabFilter Pro-Q 3, kHs Formant Filter, kHs Frequency Shifter, Krush, OTT, SAUSAGE FATTENER, Serum, TAL-Filter-2, The Glue",11,1,2294,69434.0
House,,2023-01-28,2023,2023-09-17,,3h 10m,128.0,21.0.0.3329,"CamelCrusher, FabFilter Pro-C 2, FabFilter Pro-L 2, FabFilter Pro-Q 3, kHs Frequency Shifter, OTT, Ozone 8, Ozone 8 Exciter, Ozone 8 Imager, Serum, TAL-Filter-2, TruePianos",12,1,24,54.6
Kick and Bass,,2023-01-28,2023,2023-01-28,,0h 36m,150.0,21.0.0.3329,"CamelCrusher, FabFilter Pro-L 2, FabFilter Pro-Q 3, kHs Gain, OTT, Ozone 8, SAUSAGE FATTENER, Serum, Sylenth1, TAL-Filter-2, The Glue, Youlean Loudness Meter 2",12,1,19,9.6
Template Project,,2023-01-30,2023,2023-01-30,,0h 31m,175.0,21.0.0.3329,"FabFilter Pro-Q 3, kHs Gain, Serum, TAL-Filter-2",4,1,7,27.5
unnamed,,2023-02-04,2023,2024-07-28,,4h 08m,208.0,21.2.3.4004,"CamelCrusher, DecentSampler, Keyzone Classic, kHs Gain, OTT, Serum, TAL-Filter-2, The Glue",8,1,3,22.5
Guitar Club Sample Flip,,2023-02-16,2023,2023-02-16,,1h 19m,210.0,21.0.0.3329,"CamelCrusher, FabFilter Pro-L 2, FabFilter Saturn, Guitar Rig 6, kHs Frequency Shifter, kHs Resonator, kHs Transient Shaper, OTT, Ozone 8, SAUSAGE FATTENER, Serum, TAL-Filter-2, TruePianos, Youlean Loudness Meter 2",14,1,2294,69434.0
Sound Designs,,2023-02-19,2023,2023-09-17,,2h 58m,145.0,21.0.0.3329,"CamelCrusher, Decapitator, FabFilter Pro-C 2, FabFilter Pro-Q 3, kHs Formant Filter, kHs Gain, OTT, SAUSAGE FATTENER, Serum, TAL-Filter-2, TruePianos",11,1,8,1.6
kawaii 2,,2023-02-20,2023,2023-03-01,,2h 18m,170.0,21.0.0.3329,"CamelCrusher, DecentSampler, FabFilter Pro-Q 3, kHs Gain, OTT, Serum, TAL-Filter-2",7,1,3,8.1
GT Flip,,2023-02-23,2023,2023-02-23,,0h 18m,110.0,21.0.0.3329,"FabFilter Pro-Q 3, kHs Gain, Serum, TAL-Filter-2, TruePianos",5,1,2294,69434.0
GT Sample Flip,,2023-02-23,2023,2023-02-25,,1h 13m,110.0,21.0.0.3329,"DecentSampler, FabFilter Pro-Q 3, kHs Gain, Serum, TAL-Filter-2, TruePianos, Vital",7,1,2294,69434.0
Trance 1,,2023-03-01,2023,2023-09-17,,2h 08m,136.0,21.0.0.3329,"CamelCrusher, FabFilter Pro-L 2, FabFilter Pro-Q 3, OTT, Ozone 8, Serum, Sylenth1, TAL-Filter-2, The Glue, Youlean Loudness Meter 2",10,1,4,5.3
scary pop kdvs,!Producer Club,2023-03-02,2023,2023-03-02,,0h 54m,140.0,21.0.0.3329,"CamelCrusher, OTT, Serum",3,1,1,3.2
Producer Spotlight,!Producer Club,2023-03-09,2023,2023-03-09,,0h 33m,140.0,21.0.0.3329,,0,1,9,120.5
MHA 40k Drop Contest,,2023-03-10,2023,2024-08-11,,14h 35m,128.0,21.0.0.3329,"CamelCrusher, DecentSampler, FabFilter Pro-L 2, FabFilter Pro-Q 3, kHs Gain, kHs Pitch Shifter, kHs Transient Shaper, OTT, Ozone Imager 2, SAUSAGE FATTENER, SPAN, Sylenth1, TAL-Filter-2, The Glue, Youlean Loudness Meter 2",15,2,141,695.4
Master File,,2023-03-11,2023,2023-05-21,,16h 09m,128.0,21.0.0.3329,"FabFilter Pro-L 2, FabFilter Saturn, kHs Gain, OTT, SAUSAGE FATTENER, SPAN, The Glue, Youlean Loudness Meter 2",8,1,141,695.4
MHA 40k Drop Contest Attempt Another,,2023-03-23,2023,2023-03-31,,3h 59m,170.0,21.0.0.3329,"CamelCrusher, dblue.TapeStop, DecentSampler, Little AlterBoy, OTT, Serum, TAL-Filter-2, The Glue, Vital",9,1,4,11.7
jpop,,2023-03-30,2023,2023-09-17,,2h 47m,170.0,21.0.0.3329,"Serum, TAL-Filter-2, TruePianos",3,1,98,137.8
guitar,jpop,2023-04-05,2023,2024-02-08,,7h 53m,100.0,21.2.1.3859,"Ample Guitar M II Lite, CamelCrusher, FreeAMP, OTT, PanCake2, Serum",6,1,80,114.0
WUBWUBWUB,,2023-04-08,2023,2023-06-12,,3h 03m,150.0,21.0.0.3329,"CamelCrusher, OTT, Ozone Imager 2, Serum",4,2,25,11.7
sounds,WUBWUBWUB,2023-04-13,2023,2023-04-14,,0h 57m,186.0,21.0.0.3329,"kHs Formant Filter, kHs Pitch Shifter, OTT, Ozone 8 Imager, Serum, TAL-Filter-2",6,1,7,2.5
星は降り注ぐかの如し,,2023-04-15,2023,2025-05-08,,8h 01m,182.0,24.2.2.4597,"CamelCrusher, Keyzone Classic, kHs Bitcrush, kHs Gain, OTT, Serum",6,1,29,28.0
Sample Only,!Producer Club,2023-04-16,2023,2023-04-19,,3h 22m,150.0,21.0.0.3329,"Auburn Sounds Couture, CamelCrusher, Crystallizer, FabFilter Pro-L 2, Guitar Rig 6, OTT, The Glue",7,1,21,3.3
huming,jpop,2023-04-19,2023,2023-05-11,,1h 19m,140.0,21.0.0.3329,"Sylenth1, TAL-Filter-2, The Glue, TruePianos",4,1,18,23.6
Rhythm 230,,2023-04-27,2023,2023-07-17,,5h 13m,230.0,21.0.0.3329,"FabFilter Pro-Q 3, kHs Frequency Shifter, kHs Trance Gate, OTT, Serum, TAL-Filter-2",6,2,36,58.8
hJLL,,2023-04-28,2023,2023-04-28,,1h 36m,117.0,21.0.0.3329,,0,1,1,4.4
Metal Pipe Type Beat,!Producer Club,2023-05-04,2023,2023-05-29,,17h 20m,200.0,21.0.0.3329,"CamelCrusher, Decapitator, FabFilter Pro-C 2, FabFilter Pro-L 2, Guitar Rig 6, kHs Delay, kHs Frequency Shifter, kHs Gain, kHs Resonator, kHs Tape Stop, kHs Transient Shaper, Little AlterBoy, OTT, Ozone Imager 2, PanCake2, RoughRider3, Serum, TAL-Filter-2, The Glue, TruePianos, TX16Wx, ValhallaSupermassive, Vital",23,2,173,4124.9
嗨嗨嗨,,2023-05-06,2023,2023-06-21,,10h 30m,220.0,21.0.0.3329,"CamelCrusher, EchoBoy, FabFilter Pro-C 2, FabFilter Pro-Q 3, Glitch2, Keyzone, OTT, Serum",8,1,31,393.4
HiTech,,2023-05-11,2023,2024-05-10,,1h 58m,185.0,21.0.0.3329,"FabFilter Saturn, kHs Delay, OTT, Ozone 8 Imager, Ozone Imager 2, Serum, TAL-Filter-2",7,1,66,56.0
Hitech 2nd,HiTech,2023-05-26,2023,2026-01-30,,8h 10m,175.0,24.2.2.4597,"CamelCrusher, Crystallizer, Keyzone Classic, kHs Bitcrush, kHs Compressor, OTT, Serum, TAL-Filter-2",8,1,38,35.9
bocchi the remixs,孤独摇滚,2023-05-28,2023,2023-05-28,,0h 26m,123.0,21.0.0.3329,"CamelCrusher, Vinyl",2,1,3,10.2
Epic Opening,!Producer Club,2023-05-29,2023,2026-05-04,,25h 45m,214.0,21.0.0.3329,"Crystallizer, DecentSampler, FabFilter Pro-C 2, FabFilter Pro-L 2, OTT, Ozone Imager 2, Serum, Sylenth1, Tremolator, TruePianos",10,3,183,421.1
Static,!Producer Club,2023-05-29,2023,2023-06-24,,26h 05m,214.0,21.0.0.3329,"CamelCrusher, Crystallizer, DecentSampler, FabFilter Pro-C 2, FabFilter Pro-L 2, kHs Bitcrush, kHs Frequency Shifter, kHs Tape Stop, OTT, Ozone 8 Imager, Ozone Imager 2, PanCake2, Serum, Sylenth1, TAL-Filter-2, The Glue, Tremolator, TruePianos, Youlean Loudness Meter 2",19,1,106,176.3
Static,!Producer Club,2023-05-29,2023,2023-07-02,,30h 15m,196.0,21.0.0.3329,"CamelCrusher, Crystallizer, DecentSampler, FabFilter Pro-C 2, FabFilter Pro-L 2, kHs Bitcrush, kHs Frequency Shifter, kHs Tape Stop, OTT, Ozone 8 Imager, Ozone Imager 2, PanCake2, Serum, Sylenth1, TAL-Filter-2, The Glue, Tremolator, TruePianos, Youlean Loudness Meter 2",19,2,38,91.0
Fall Spring Telephone,!Producer Club,2023-06-01,2023,2023-06-01,,1h 08m,256.0,21.0.0.3329,"Crystallizer, Decapitator, FabFilter Pro-L 2, OTT, Serum, TAL-Filter-2",6,1,17,67.4
Artcore,,2023-06-07,2023,2023-06-07,,0h 06m,165.0,21.0.0.3329,,0,1,1,1.1
More Wubs,,2023-06-13,2023,2023-07-17,,4h 28m,150.0,21.0.0.3329,"CamelCrusher, Decapitator, FabFilter Pro-L 2, kHs Bitcrush, OTT, Serum, The Glue, Vital, Youlean Loudness Meter 2",9,1,31,26.6
GeoXx,,2023-06-21,2023,2024-10-27,,5h 05m,128.0,21.2.3.4004,"CamelCrusher, Decapitator, kHs Delay, OTT, Serum, TAL-Filter-2, The Glue, TruePianos",8,1,43,64.5
Complextro1,,2023-06-25,2023,2026-01-30,,4h 42m,128.0,24.2.2.4597,"CamelCrusher, Keyzone Classic, kHs Delay, kHs Tape Stop, OTT, Serum",6,1,46,17.1
Make it Disappear,,2023-06-30,2023,2025-02-22,,15h 10m,196.0,21.0.0.3329,"CamelCrusher, FabFilter Pro-C 2, FabFilter Pro-L 2, FabFilter Pro-Q 3, FabFilter Saturn, FreeAMP, Guitar Rig 6, kHs Gain, OTT, Serum, sforzando, TAL-Filter-2, The Glue, TruePianos",14,2,220,742.7
Pandemonium Remake,,2023-07-07,2023,2023-07-08,,1h 03m,200.0,21.0.0.3329,"CamelCrusher, FabFilter Pro-L 2, kHs Distortion, kHs Gain, OTT, Serum, TruePianos",7,1,10,12.0
Blue Archives,,2023-07-08,2023,2024-10-19,,11h 19m,204.0,21.0.0.3329,"CamelCrusher, FabFilter Pro-L 2, OTT, Ozone 8 Imager, Serum, Solaris, Sylenth1, TAL-Filter-2, TruePianos",9,2,116,185.6
Project Bass,,2023-07-30,2023,2024-04-25,,1h 56m,180.0,21.2.3.4004,"CamelCrusher, kHs Transient Shaper, OTT, Ozone 8 Imager, Serum, TAL-Filter-2, The Glue",7,1,6,3.5
Progressive from old time,,2023-08-17,2023,2024-08-11,,1h 38m,128.0,21.2.3.4004,"CamelCrusher, Keyzone Classic, Serum, TAL-Filter-2",4,1,0,0.2
Shooting Star,,2023-08-22,2023,2024-08-13,,0h 52m,110.0,21.0.0.3329,"DecentSampler, OTT, Serum, TruePianos",4,1,0,0.2
08232023 Kawaii Bass,,2023-08-23,2023,2026-06-18,,14h 30m,184.0,21.2.3.4004,"CamelCrusher, DecentSampler, kHs Gain, OTT, Serum, Sylenth1, TruePianos",7,4,15,81.2
08272023 Niflheimr,,2023-08-27,2023,2024-09-02,,2h 04m,230.0,21.2.3.4004,"CamelCrusher, Keyzone Classic, OTT, Serum, TAL-Filter-2, The Glue",6,1,5,2.4
Template 6 Bus,,2023-08-31,2023,2023-08-31,,0h 04m,198.0,21.0.0.3329,"FabFilter Pro-L 2, kHs Gain, TAL-Filter-2, Youlean Loudness Meter 2",4,1,7,27.5
swing,,2023-09-09,2023,2023-09-10,,0h 33m,128.0,21.0.0.3329,"FabFilter Pro-L 2, Keyzone Classic, kHs Gain, OTT, TAL-Filter-2, Youlean Loudness Meter 2",6,1,0,6.3
Memories of Kindness,Blue Archives,2023-09-11,2023,2023-10-22,,1h 48m,80.0,21.0.0.3329,"FabFilter Pro-L 2, Keyzone Classic, kHs Gain, TAL-Filter-2, Youlean Loudness Meter 2",5,1,2,23.0
T.B.S._2,,2023-09-12,2023,2025-02-02,,7h 14m,208.0,24.2.1.4526,"BBC Symphony Orchestra (64 Bit), CamelCrusher, Keyzone Classic, kHs Gain, kHs Resonator, OTT, PanCake2, Serum, Solaris, TAL-Filter-2, Youlean Loudness Meter 2",11,2,10,12.4
MIDNIGHT BASS PARTY,,2023-09-15,2023,2023-11-30,,1h 53m,150.0,21.2.1.3859,"CamelCrusher, kHs Gain, OTT, Serum, TAL-Filter-2, Youlean Loudness Meter 2",6,1,0,0.2
Guitar Takes,Make it Disappear,2023-09-17,2023,2023-09-24,,2h 08m,196.0,21.0.0.3329,"Decapitator, Devil-Loc Deluxe, FabFilter Saturn, kHs Pitch Shifter, OTT",5,1,127,179.0
Midtempo w. Eric,!Producer Club,2023-09-24,2023,2023-10-14,,2h 05m,104.0,21.0.0.3329,"CamelCrusher, FabFilter Pro-L 2, kHs Bitcrush, kHs Gain, kHs Tape Stop, OTT, Ozone 8 Imager, Ozone Imager 2, TAL-Filter-2, Vital, Youlean Loudness Meter 2",11,1,2,5.0
camellia type ost,,2023-10-03,2023,2024-10-03,,1h 03m,212.0,21.2.3.4004,"Keyzone Classic, kHs Gain, Serum, TAL-Filter-2, Youlean Loudness Meter 2",5,1,0,0.2
Guitar Flip From Tiktok,,2023-10-14,2023,2023-11-30,,12h 37m,128.0,21.0.0.3329,"CamelCrusher, FabFilter Pro-L 2, Keyzone Classic, kHs Bitcrush, kHs Delay, kHs Gain, kHs Tape Stop, OTT, Serum, TAL-Filter-2, Youlean Loudness Meter 2",11,3,15,29.3
Mumei_Remix,,2023-10-19,2023,2023-10-22,,1h 36m,96.0,21.0.0.3329,"FabFilter Pro-L 2, Keyzone Classic, kHs Gain, OTT, TAL-Filter-2, Youlean Loudness Meter 2",6,1,3,90.6
Midtempo Music Theory,!Producer Club,2023-10-26,2023,2023-10-27,,2h 24m,90.0,21.0.0.3329,"FabFilter Pro-L 2, kHs Gain, Youlean Loudness Meter 2",3,1,9,54.6
Plugins and Samples,!!!Experiments,2023-10-28,2023,2023-11-04,,0h 39m,195.0,21.0.0.3329,"CamelCrusher, FabFilter Pro-L 2, kHs Gain, Perfect Drums Player, SSDSampler5, TAL-Filter-2, Youlean Loudness Meter 2",7,1,10,8.4
Halloween krab,!Producer Club,2023-10-29,2023,2023-10-30,,2h 28m,130.0,21.0.0.3329,,0,1,50,119.0
Halloween krab is back,!Producer Club,2023-10-29,2023,2023-11-17,,5h 06m,130.0,21.2.1.3859,"CamelCrusher, Crystallizer, Decapitator, kHs Bitcrush, kHs Flanger, kHs Gain, kHs Phaser, kHs Transient Shaper, OTT, Ozone 8 Imager, Serum, TAL-Filter-2, Youlean Loudness Meter 2",13,1,50,119.0
Some Magical Things,,2023-10-29,2023,2025-05-16,,10h 08m,115.0,21.2.3.4004,"CamelCrusher, DecentSampler, kHs Gain, MT-PowerDrumKit, OTT, Serum, sforzando, TAL-Filter-2, Youlean Loudness Meter 2",9,4,18,57.0
Music Theory,!!!Experiments,2023-11-03,2023,2023-12-21,,3h 49m,177.0,21.2.1.3859,"Keyzone Classic, kHs Gain, LABS, OTT, TAL-Filter-2, VSTNotepad, Youlean Loudness Meter 2",7,1,1,1.3
Sound Design 1,!!!Experiments,2023-11-04,2023,2023-11-30,,1h 07m,175.0,21.2.1.3859,"CamelCrusher, OTT, Serum, TAL-Filter-2",4,1,18,15.5
Nov_6)2-23,!DODUMBSTUFF,2023-11-06,2023,2026-03-01,,13h 51m,175.0,24.2.2.4597,"CamelCrusher, Crystallizer, kHs Bitcrush, kHs Frequency Shifter, kHs Gain, kHs Reverb, LABS, OTT, Ozone 8 Imager, PanCake2, Serum, TAL-Filter-2, The Glue, Youlean Loudness Meter 2",14,1,86,109.5
Nov1777s2023,!DODUMBSTUFF,2023-11-17,2023,2024-07-26,,0h 42m,214.0,21.2.1.3859,,0,1,6,1.3
Project_1,!DODUMBSTUFF,2023-11-18,2023,2024-02-29,,1h 40m,178.0,21.2.1.3859,"DecentSampler, OTT, Vinyl",3,1,9,6.3
Sound Design House ver.,!!!Experiments,2023-11-23,2023,2023-12-08,,1h 43m,128.0,21.2.1.3859,"CamelCrusher, Disperser, kHs Filter, OTT, Phase Plant, Serum",6,1,9,6.3
camellia bass time,!DODUMBSTUFF,2023-11-25,2023,2024-04-06,,1h 44m,150.0,21.2.1.3859,"CamelCrusher, Disperser, OTT, Phase Plant, Serum",5,2,43,60.9
LV_99,!!Remix,2023-11-26,2023,2023-12-11,,4h 47m,134.0,21.2.1.3859,"BBC Symphony Orchestra (64 Bit), DecentSampler, Keyzone Classic, LABS, Ozone 8 Imager",5,1,14,127.7
OneNighter,!DODUMBSTUFF,2023-11-26,2023,2023-11-27,,3h 15m,90.0,21.2.1.3859,"BBC Symphony Orchestra (64 Bit), CamelCrusher, DecentSampler, Deelay, kHs Gain, kHs Pitch Shifter, kHs Reverb, Multipass, OTT, Phase Plant, Serum",11,1,28,65.7
In_The_Darkness,!!Remix,2023-11-29,2023,2023-11-29,,0h 06m,126.0,21.2.1.3859,,0,1,6,75.0
Journey,!!Remix,2023-11-29,2023,2023-11-29,,0h 37m,128.0,21.2.1.3859,Serum,1,1,5,55.2
Fall_2023_Last_Sample_Flip,!Producer Club,2023-12-01,2023,2023-12-02,,3h 43m,145.0,21.2.1.3859,"CamelCrusher, Disperser, kHs Delay, kHs Distortion, kHs Dual Delay, kHs Flanger, kHs Limiter, kHs Phaser, kHs Resonator, kHs Tape Stop, kHs Trance Gate, Multipass, OTT, Serum, SerumFX",15,1,51,49.6
General_HJLL,!!Remix,2023-12-14,2023,2024-01-30,,2h 45m,124.0,21.2.1.3859,"CamelCrusher, Disperser, Keyzone Classic, OTT, Serum",5,1,8,42.3
AGuitarPlay,!DODUMBSTUFF,2023-12-19,2023,2024-11-29,,7h 02m,115.0,21.2.1.3859,"CamelCrusher, Deelay, Keyzone Classic, kHs Bitcrush, kHs Limiter, LABS, OTT, PanCake2, Serum",9,1,54,145.2
BouncyHousey,!DODUMBSTUFF,2024-01-01,2024,2024-01-02,,2h 33m,128.0,21.2.1.3859,"CamelCrusher, Disperser, Keyzone Classic, OTT, Serum",5,1,79,28.2
Artcore_1,!DODUMBSTUFF,2024-01-02,2024,2026-03-10,,2h 43m,198.0,24.2.2.4597,"OTT, Ozone 8 Imager, Serum, TAL-Filter-2",4,1,23,28.1
Techcore_1,!DODUMBSTUFF,2024-01-04,2024,2024-01-05,,0h 41m,145.0,21.2.1.3859,TAL-Filter-2,1,1,44,63.9
Core_1,!DODUMBSTUFF,2024-01-06,2024,2026-05-15,,23h 45m,175.0,25.2.3.5171,"CamelCrusher, Disperser, Keyzone Classic, kHs Bitcrush, kHs Gain, kHs Tape Stop, OTT, Ozone 8 Imager, Serum, TAL-Filter-2",10,1,124,258.8
wackY-sampleswinter2024,!Producer Club,2024-01-18,2024,2024-01-18,,0h 53m,128.0,21.2.0.3842,"CamelCrusher, kHs Bitcrush, kHs Delay, OTT, Serum, SerumFX, TAL-Filter-2",7,1,44,32.2
GuitarClub2024WQ,!Producer Club,2024-02-08,2024,2024-02-08,,0h 03m,130.0,21.2.1.3859,,0,1,8,5.3
Hyperpop Week,!Producer Club,2024-02-15,2024,2024-02-17,,1h 54m,175.0,21.2.1.3859,"CamelCrusher, Keyzone Classic, OTT, Serum",4,1,23,9.5
fastfastfast,!DODUMBSTUFF,2024-02-19,2024,2026-05-02,,28h 11m,218,25.2.3.5171,"CamelCrusher, DecentSampler, Keyzone Classic, kHs Bitcrush, kHs Tape Stop, OTT, Piapro Studio VSTi, Serum, TAL-Filter-2",9,1,124,62.1
bassandhouse,!DODUMBSTUFF,2024-03-07,2024,2024-05-27,,0h 35m,128.0,21.2.1.3859,"CamelCrusher, Disperser, Keyzone Classic, kHs Bitcrush, kHs Gain, Serum, TAL-Filter-2",7,1,14,11.4
ArsaLife,!DODUMBSTUFF,2024-04-06,2024,2026-01-02,,6h 13m,150.0,21.2.3.4004,"CamelCrusher, Crystallizer, Disperser, Keyzone Classic, kHs Bitcrush, kHs Gain, kHs Tape Stop, OTT, Phase Plant, Serum, TAL-Filter-2, VSTNotepad",12,2,84,106.5
poop,,2024-04-11,2024,2024-05-01,,9h 11m,180.0,21.2.3.4004,"CamelCrusher, kHs Bitcrush, OTT, Piapro Studio VSTi, Serum, TAL-Filter-2",6,1,12,375.0
REGEATTON WORKSHOP,!Producer Club,2024-04-18,2024,2024-05-06,,1h 06m,95.02,21.2.3.4004,"OTT, Serum, TAL-Filter-2",3,1,9,1.9
Re-Meconopsis,,2024-05-22,2024,2024-05-26,,1h 14m,170.0,21.2.3.4004,"Keyzone Classic, kHs Gain, Serum, TAL-Filter-2",4,1,9,57.9
MixBurntBegal,!Producer Club,2024-05-28,2024,2024-06-05,,6h 12m,130.0,21.2.3.4004,Disperser,1,3,43,1075.7
CamelliaBrightDay,!DODUMBSTUFF,2024-06-01,2024,2024-10-03,,2h 12m,183.0,21.2.3.4004,"CamelCrusher, Keyzone Classic, kHs Gain, Serum, TAL-Filter-2",5,1,14,273.1
CamelliaDay,!DODUMBSTUFF,2024-06-01,2024,2024-10-03,,1h 16m,225.0,21.2.3.4004,"CamelCrusher, Keyzone Classic, kHs Gain, OTT, Serum, TAL-Filter-2",6,1,64,476.7
Mixtheend,!Producer Club,2024-06-01,2024,2024-06-03,,4h 31m,140.0,21.2.3.4004,,0,3,116,5794.8
WOWOW,!Producer Club,2024-06-01,2024,2026-05-15,,17h 20m,106.0,25.2.3.5171,"BBC Symphony Orchestra (64 Bit), CamelCrusher, Deelay, Keyzone Classic, kHs Delay, kHs Dual Delay, kHs Gain, LABS, OTT, Serum, SINE Player, TAL-Filter-2, Vital",13,1,85,520.0
FA VIP,!!!VIPs,2024-06-17,2024,2024-06-29,,2h 32m,175.0,21.2.3.4004,"CamelCrusher, Disperser, Faturator, Keyzone Classic, kHs Gain, OTT, Ozone 8 Imager, Serum, TAL-Filter-2",9,1,31,38.8
kawaiihouse,!DODUMBSTUFF,2024-07-20,2024,2024-07-22,,0h 24m,128.0,21.2.3.4004,"BBC Symphony Orchestra (64 Bit), Keyzone Classic, kHs Gain, Serum, TAL-Filter-2",5,1,8,5.6
Fly,!DODUMBSTUFF,2024-08-14,2024,2024-08-15,,0h 42m,196.0,21.2.3.4004,"Keyzone Classic, kHs Gain, NeuralAmpModeler, Serum, sforzando, TAL-Filter-2",6,1,17,364.2
Floating VIP,!!!VIPs,2024-08-28,2024,2024-09-03,,1h 09m,204.0,21.2.3.4004,"BBC Symphony Orchestra (64 Bit), Deelay, Keyzone Classic, kHs Bitcrush, LABS (64 Bit), OTT, Serum",7,1,11,105.6
FeelingCool,!DODUMBSTUFF,2024-09-05,2024,2026-01-30,,14h 09m,115.0,21.2.3.4004,"CamelCrusher, Deelay, OTT, Piapro Studio VSTi, Serum, TAL-Filter-2",6,2,121,335.6
sofarawayHouse,!DODUMBSTUFF,2024-09-27,2024,2025-05-16,,2h 17m,128.0,24.2.2.4597,"Keyzone Classic, kHs Delay, kHs Gain, OTT, PanCake2, Serum, TAL-Filter-2",7,1,36,24.9
Oct052024 cuteidea,!DODUMBSTUFF,2024-10-05,2024,2026-05-29,,18h 18m,138.0,21.2.3.4004,"CamelCrusher, Decapitator, Disperser, Keyzone Classic, kHs Bitcrush, kHs Delay, kHs Gain, kHs Tape Stop, LABS, OTT, Serum, SerumFX, TAL-Filter-2",13,2,67,115.6
200Hallowww,!Producer Club,2024-10-31,2024,2024-11-16,,2h 04m,200.0,21.2.3.4004,"CamelCrusher, DSK Overture, Keyzone Classic, OTT, Serum",5,1,9,10.7
BeatTelephone Fall2024,!Producer Club,2024-11-07,2024,2024-11-13,,1h 47m,150.0,21.2.3.4004,"Crystallizer, Disperser, kHs Bitcrush, kHs Pitch Shifter, OTT, Serum, TAL-Filter-2",7,1,34,15.3
FQ2024Week7SampleFlip,!Producer Club,2024-11-13,2024,2024-11-13,,1h 02m,169.0,21.2.3.4004,"CamelCrusher, Keyzone Classic, kHs Bitcrush, kHs Gain, Serum, TAL-Filter-2",6,1,27,21.1
Fall2024VibeWheel,!Producer Club,2024-11-14,2024,2024-12-19,,0h 49m,160.0,21.2.3.4004,"BBC Symphony Orchestra (64 Bit), Keyzone Classic, OTT",3,1,16,9.4
MHK 60K Drop Competition,,2024-11-24,2024,2024-12-11,,1h 35m,212.0,21.2.3.4004,"Keyzone Classic, kHs Gain, Little AlterBoy, OTT, Serum, TAL-Filter-2",6,1,32,159.0
thedududu house,,2024-11-24,2024,2024-11-25,,1h 12m,128.0,21.2.3.4004,"CamelCrusher, Keyzone Classic, kHs Gain, Serum, TAL-Filter-2",5,1,50,176.1
zachkawaii,!DODUMBSTUFF,2024-12-07,2024,2025-05-17,,0h 28m,145.0,24.2.2.4597,"CamelCrusher, Keyzone Classic, kHs Gain, OTT, Serum, TAL-Filter-2",6,1,12,5.8
jazztocompelextrosomehow,!DODUMBSTUFF,2024-12-08,2024,2026-04-30,,1h 12m,128.0,24.2.2.4597,"CamelCrusher, Disperser, Keyzone Classic, kHs Gain, LABS, OTT, Serum, TAL-Filter-2",8,1,22,29.4
Iamincredible,!DODUMBSTUFF,2024-12-13,2024,2024-12-18,,0h 18m,100.0,21.2.3.4004,"Keyzone Classic, kHs Gain, Serum, TAL-Filter-2",4,1,10,17.3
Camellia_1,!Tots,2024-12-17,2024,2026-04-06,,32h 12m,190,25.2.3.5171,"CamelCrusher, Keyzone Classic, kHs Gain, OTT, Serum, TAL-Filter-2, Vital, VSTNotepad",8,2,170,344.3
badbadweather,!Producer Club,2024-12-18,2024,2025-02-06,,2h 07m,100.0,24.1.2.4430,"Decapitator, Disperser, Keyzone Classic, kHs Delay, kHs Distortion, kHs Gain, kHs Pitch Shifter, kHs Trance Gate, OTT, Serum, TAL-Filter-2",11,1,37,36.4
VR samples,!DODUMBSTUFF,2025-01-16,2025,2025-02-06,,0h 26m,150.0,24.2.1.4526,,0,1,7,8.5
parlay my buttcheeks,!Producer Club,2025-01-16,2025,2025-01-19,,2h 34m,140.0,21.2.3.4004,"LFOTool, Serum",2,1,1,7.1
Esports 2025 thing,!Producer Club,2025-01-20,2025,2026-02-20,,4h 10m,100.0,24.2.1.4526,"BBC Symphony Orchestra (64 Bit), Keyzone Classic, kHs Gain, OTT, Serum, TAL-Filter-2",6,2,105,616.8
Esports,!Producer Club,2025-01-20,2025,2025-01-25,,3h 25m,100.0,24.2.1.4526,"BBC Symphony Orchestra (64 Bit), Keyzone Classic, kHs Gain, OTT, Serum, TAL-Filter-2",6,1,105,616.8
SQWeek3SampleFlip,!Producer Club,2025-01-25,2025,2026-01-30,,0h 47m,128.0,24.2.2.4597,"Keyzone Classic, kHs Gain, Little AlterBoy, OTT, Serum, TAL-Filter-2",6,1,18,13.7
esport Omega promo,!Producer Club,2025-02-22,2025,2025-02-22,,0h 36m,151.0,24.2.2.4597,"Keyzone Classic, kHs Gain, Serum, TAL-Filter-2",4,1,15,22.2
Iamasnail,!DODUMBSTUFF,2025-02-23,2025,2025-05-16,,3h 11m,152.0,24.2.2.4597,"Keyzone Classic, kHs Gain, LABS, OTT, PanCake2, Serum, TAL-Filter-2",7,1,55,42.3
iniii,!DODUMBSTUFF,2025-03-21,2025,2025-03-21,,0h 13m,191.0,24.1.2.4430,Piapro Studio VSTi,1,1,1,8.6
Full Fravor 120,!Producer Club,2025-03-30,2025,2025-04-12,,6h 33m,120.0,24.2.2.4597,"CamelCrusher, kHs Bitcrush, kHs Delay, kHs Frequency Shifter, kHs Phase Distortion, LFOTool, OTT, Phase Plant, Serum, Serum2",10,1,10,5.7
blindmaking,!Producer Club,2025-04-03,2025,2025-05-09,,0h 54m,128.0,24.1.2.4430,"Keyzone Classic, Serum, TAL-Filter-2",3,1,93,14.0
Ethonal Brat Fake Genre,!Producer Club,2025-05-01,2025,2025-08-03,,1h 02m,140.0,24.2.2.4597,"kHs Distortion, Serum, TAL-Filter-2",3,1,19,8.0
JPOP Deco27,!DODUMBSTUFF,2025-05-06,2025,2026-06-18,,1h 31m,128.0,24.2.2.4597,"Keyzone Classic, kHs Gain, OTT, Serum, TAL-Filter-2",5,1,10,5.9
BeatTelephoneSQ2025,!Producer Club,2025-05-15,2025,2025-05-16,,1h 35m,160.0,24.2.2.4597,"CamelCrusher, kHs Bitcrush, Serum",3,1,32,93.3
LonelyNightMixOnly,!Producer Club,2025-05-15,2025,2025-05-18,,3h 35m,120.0,24.2.2.4597,"CamelCrusher, Crystallizer, Keyzone Classic, Little AlterBoy, MAutoPitch, OTT, PanCake2, Serum",8,1,77,3041.1
Venting01,!DODUMBSTUFF,2025-05-17,2025,2025-07-24,,1h 04m,175.0,24.2.2.4597,"Keyzone Classic, kHs Gain, Serum, TAL-Filter-2",4,1,56,558.1
IdealikeSYTX,!DODUMBSTUFF,2025-07-03,2025,2026-03-30,,7h 13m,256.0,25.2.3.5171,"Ample Bass P Lite II, CamelCrusher, Guitar Rig 7, Keyzone Classic, OTT, Piapro Studio VSTi, sforzando, SSDSampler5, VSTNotepad",9,1,32,39.7
is there a star,!DODUMBSTUFF,2025-07-16,2025,2026-05-16,,2h 29m,112.0,25.2.3.5171,"BBC Symphony Orchestra (64 Bit), CamelCrusher, Keyzone Classic, LABS, Serum",5,1,18,8.2
Anotherhummingidea,!DODUMBSTUFF,2025-07-21,2025,2025-07-21,,0h 17m,170.0,24.2.2.4597,Serum,1,1,1,0.9
yorushikatype,!DODUMBSTUFF,2026-01-26,2026,2026-05-25,,27h 18m,212.0,24.2.2.4597,"Ample Bass P Lite II, Ample Guitar M II Lite, EZdrummer 3, Guitar Rig 7, Keyzone Classic, kHs Gain, Serum, sforzando, TAL-Filter-2",9,6,89,2090.3
Hana no Tou,!!!Experiments,2026-02-20,2026,2026-02-21,,1h 20m,170.0,24.2.2.4597,"CamelCrusher, Keyzone Classic, kHs Chorus, kHs Gain, Little AlterBoy, Piapro Studio VSTi, The Glue",7,1,4,42.9
Getting There VED,!DODUMBSTUFF,2026-03-10,2026,2026-03-10,,0h 18m,140.0,24.2.2.4597,"Keyzone Classic, kHs Gain, Serum, TAL-Filter-2",4,1,14,111.5
GrainFreeze,!DODUMBSTUFF,2026-04-29,2026,2026-05-15,,2h 21m,137,25.2.3.5171,"CamelCrusher, Keyzone Classic, kHs Bitcrush, kHs Gain, Serum, TAL-Filter-2, Vital",7,1,31,31.1
1hour,!DODUMBSTUFF,2026-05-04,2026,2026-05-22,,10h 43m,175,25.2.3.5171,"CamelCrusher, Keyzone Classic, kHs Bitcrush, kHs Gain, OTT, Piapro Studio VSTi, Serum, TAL-Filter-2, The Glue",9,5,102,249.1
3paizi,!DODUMBSTUFF,2026-05-28,2026,2026-05-28,,,120,25.2.5.5319,"kHs Gain, TAL-Filter-2",2,1,26,80.0
yorushika Type 2,!DODUMBSTUFF,2026-06-03,2026,2026-06-16,,5h 43m,160.0,25.2.5.5319,"Ample Bass P Lite II, FabFilter Pro-L 2, Guitar Rig 6, Keyzone Classic, kHs Gain, OTT, Piapro Studio VSTi, sforzando, TAL-Filter-2, Youlean Loudness Meter 2",10,1,21,468.0
